Track URI,Track Name,Album Name,Artist Name(s),Release Date,Duration (ms),Popularity,Explicit,Added By,Added At,Genres,Record Label,Danceability,Energy,Key,Loudness,Mode,Speechiness,Acousticness,Instrumentalness,Liveness,Valence,Tempo,Time Signature
spotify:track:0puf9yIluy9W0vpMEUoAnN,"Bang Bang","Sweet Talker (Deluxe Version)","Jessie J;Ariana Grande;Nicki Minaj",2014-10-10,199386,83,false,,1970-01-01T00:00:00Z,"pop","Lava Music/Republic Records",0.706,0.786,0,-3.417,0,0.091,0.26,0,0.38,0.751,150.028,4
spotify:track:7ju97lgwC2rKQ6wwsf9no9,"Rain On Me (with Ariana Grande)","Chromatica","Lady Gaga;Ariana Grande",2020-05-29,182200,78,false,,1970-01-01T00:00:00Z,"art pop,pop","Interscope",0.672,0.855,9,-3.764,1,0.0397,0.021,0,0.323,0.646,123.056,4
spotify:track:5hGSM1NIumwLgI0Y97X9xB,"New Thang","Party Rock Mansion","Redfoo",2016-03-18,226800,62,false,,1970-01-01T00:00:00Z,"","Party Rock Records",0.743,0.841,0,-5.189,1,0.0391,0.0156,0,0.133,0.814,100.003,4
spotify:track:7lI4Fggd8KZuE76MJlA54P,"第一天","完美的一天","Stefanie Sun",2005-10-07,253960,60,false,,1970-01-01T00:00:00Z,"mandopop,taiwanese pop,c-pop,malay pop,cantopop","WM Taiwan",0.428,0.904,8,-4.042,1,0.0975,0.0371,0,0.316,0.623,176.105,4
spotify:track:1mHoqHeQClLBp5UO3TbUac,"The Show","Lenka (Expanded Edition)","Lenka",2008-09-23,235693,61,false,,1970-01-01T00:00:00Z,"","Epic",0.753,0.59,0,-4.144,1,0.0317,0.259,0,0.0836,0.593,123.028,4
spotify:track:4wJ5Qq0jBN4ajy7ouZIV1c,"APT.","rosie","ROSÉ;Bruno Mars",2024-12-06,169917,86,false,,1970-01-01T00:00:00Z,"k-pop","Atlantic Records",0.777,0.783,0,-4.477,0,0.26,0.0283,0,0.355,0.939,149.027,4
spotify:track:3KwwE4sgCzMaKWq6QBebmX,"Me Too","Thank You (Deluxe Version)","Meghan Trainor",2017-05-12,181240,79,false,,1970-01-01T00:00:00Z,"","Epic",0.934,0.694,11,-5.849,0,0.101,0.0971,0.0000012,0.477,0.833,123.831,4
spotify:track:6D60klaHqbCl9ySc8VcRss,"Stronger (What Doesn't Kill You)","Stronger (Deluxe Version)","Kelly Clarkson",2011-10-24,221946,71,false,,1970-01-01T00:00:00Z,"christmas","RCA Records Label",0.562,0.939,0,-4.282,1,0.0475,0.046,0,0.112,0.684,116.044,4
spotify:track:3C0nOe05EIt1390bVABLyN,"On The Floor","Love?","Jennifer Lopez;Pitbull",2011-04-29,284866,93,false,,1970-01-01T00:00:00Z,"","Nuyorican Productions / IDJ",0.73,0.777,3,-5.194,0,0.0496,0.105,0.000486,0.0691,0.575,130.003,4
spotify:track:57fqPbwSY4bs8ycxzkek1C,"穷开心","花龄盛会","花兒樂隊",2007,198000,37,false,,1970-01-01T00:00:00Z,"chinese rock,mandopop,c-pop","Gold Typhoon China",0.601,0.971,10,-2.232,1,0.0638,0.275,0,0.22,0.964,149.95,4
spotify:track:5YqEzk3C5c3UZ1D5fJUlXA,"Sunroof","Good Times Go","Nicky Youre;hey daisy",2023-06-09,163025,85,false,,1970-01-01T00:00:00Z,"","Thirty Knots/Columbia",0.768,0.714,10,-5.11,1,0.0401,0.352,0,0.15,0.842,131.443,4
spotify:track:5nujrmhLynf4yMoMtj8AQF,"Levitating (feat. DaBaby)","Future Nostalgia","Dua Lipa;DaBaby",2020-03-27,203064,86,false,,1970-01-01T00:00:00Z,"pop","Warner Records",0.702,0.825,6,-3.787,0,0.0601,0.00883,0,0.0674,0.915,102.977,4
spotify:track:382BQm15tLs8HbgH3W9wgU,"happy.BIRTH.day","happy.BIRTH.day","Ashin Chen",2006-02-16,231578,38,false,,1970-01-01T00:00:00Z,"mandopop,c-pop,taiwanese pop","Rock Records Co., Ltd.",0.509,0.557,7,-6.13,1,0.0461,0.236,0,0.0765,0.558,203.973,4
spotify:track:1CSAUEapYQQOD50ardFG0K,"Glide","Glide","NEIKED;Portugal. The Man",2025-03-28,184405,81,false,,1970-01-01T00:00:00Z,"","Columbia Local",0.767,0.698,3,-6.559,1,0.0334,0.044,0.000117,0.171,0.531,121.99,4
spotify:track:4kbj5MwxO1bq9wjT5g9HaA,"Shut Up and Dance","TALKING IS HARD","WALK THE MOON",2014-12-02,199080,89,false,,1970-01-01T00:00:00Z,"","RCA Records Label",0.578,0.866,1,-3.804,1,0.0619,0.00701,0,0.257,0.619,128.038,4
spotify:track:3U5JVgI2x4rDyHGObzJfNf,"Unwritten","Unwritten","Natasha Bedingfield",2004-08-30,259333,91,false,,1970-01-01T00:00:00Z,"","Sony Music CG",0.706,0.8,5,-6.333,1,0.0399,0.00584,0,0.0822,0.629,100.011,4
spotify:track:3TGRqZ0a2l1LRblBkJoaDx,"Call Me Maybe","Kiss (Deluxe)","Carly Rae Jepsen",2012-01-01,193400,79,false,,1970-01-01T00:00:00Z,"","Silent Records IGA",0.782,0.58,7,-6.548,1,0.0407,0.0114,0.00000228,0.108,0.66,120.021,4
spotify:track:4y5bvROuBDPr5fuwXbIBZR,"Paper Rings","Lover","Taylor Swift",2019-08-23,222400,79,false,,1970-01-01T00:00:00Z,"","Taylor Swift",0.811,0.719,9,-6.553,1,0.0497,0.0129,0.0000136,0.0742,0.865,103.979,4
spotify:track:4HlFJV71xXKIGcU3kRyttv,"Hey, Soul Sister","Save Me, San Francisco (Golden Gate Edition)","Train",2010-12-01,216773,88,false,,1970-01-01T00:00:00Z,"soft pop","Columbia",0.673,0.886,1,-4.44,0,0.0431,0.185,0,0.0826,0.795,97.012,4
spotify:track:1Ehdm1PDlKrdfyBsjwEvd1,"Top Of The World","A Song For You","Carpenters",1972,179173,72,false,,1970-01-01T00:00:00Z,"christmas,adult standards","A&M",0.379,0.343,10,-12.993,1,0.0385,0.806,0,0.0991,0.694,184.301,4
spotify:track:2N8m6CYs74qQO4mjVcXO30,"Dance Monkey","Welcome To The Madhouse (Deluxe)","Tones And I",2021-07-16,209438,81,false,,1970-01-01T00:00:00Z,"","Elektra (NEK)",0.824,0.587,6,-6.401,0,0.0937,0.69,0.000105,0.149,0.514,98.029,4
spotify:track:5TXCDmUyb26mdvwHFPHj9l,"Smile","Smile","Dami Im",2015-05-26,183165,40,false,,1970-01-01T00:00:00Z,"","Sony Music Entertainment",0.8,0.891,1,-3.753,1,0.071,0.236,0,0.596,0.907,144.074,4
spotify:track:0TtlEcywpBGifjTJqgSMI0,"Why Baby Why","Faces","MyKey",2017-07-29,146500,37,false,,1970-01-01T00:00:00Z,"bedroom pop","Warner Records",0.839,0.623,7,-7.066,1,0.0302,0.245,0.00000145,0.0879,0.963,116.078,4
spotify:track:1qYiE9TmokznLo6DA42APv,"燈塔","少年故事","彭坦",2007-07-28,240319,7,false,,1970-01-01T00:00:00Z,"chinese indie,chinese rock,mandopop","太合麥田（天津）音樂有限公司",0.559,0.563,4,-6.052,1,0.0251,0.0166,0,0.164,0.355,100.011,3
spotify:track:5A5bLKdL5I3k3FTEQlAUw7,"Following the Sun","Following the Sun","SUPER-Hi;NEEKA",2021-08-20,205000,79,false,,1970-01-01T00:00:00Z,"","BLENDED",0.734,0.828,6,-4.433,0,0.033,0.398,0.0225,0.136,0.717,127.023,4
spotify:track:5ZrI8rpBvktxmOo4Fin6YQ,"Do Nothing","Happiness","moocean",2026-07-24,196363,37,false,,1970-01-01T00:00:00Z,"","moocean",0.761,0.57,7,-6.518,1,0.0346,0.659,0.0000237,0.116,0.464,99.031,4
spotify:track:0VjIjW4GlUZAMYd2vXMi3b,"Blinding Lights","After Hours","The Weeknd",2020-03-20,200040,93,false,,1970-01-01T00:00:00Z,"","Republic Records",0.513,0.73,1,-5.94,1,0.0598,0.00143,0.0000954,0.0897,0.334,171.001,4
spotify:track:5mvKuE9Lf9ARVXVXA32kK9,"Price Tag","Who You Are (Platinum Edition)","Jessie J;B.o.B",2011-01-01,223053,70,false,,1970-01-01T00:00:00Z,"","Lava Music/Republic Records",0.637,0.832,5,-3.945,1,0.183,0.0282,0.00000347,0.277,0.68,175.011,4
spotify:track:4cluDES4hQEUhmXj6TXkSo,"What Makes You Beautiful","Up All Night","One Direction",2012-05-25,199986,89,false,,1970-01-01T00:00:00Z,"","Syco Music UK",0.726,0.787,4,-2.494,1,0.0737,0.009,0,0.0596,0.888,124.99,4
spotify:track:1ENXbK734eZsPGgoz1hGlH,"nebula","nebula","wefoundrui",2025-03-19,141746,36,false,,1970-01-01T00:00:00Z,"indie r&b","wefoundrui",0.745,0.517,11,-7.169,1,0.0314,0.62,0.417,0.181,0.486,123.112,4
spotify:track:7qiZfU4dY1lWllzX7mPBI3,"Shape of You","÷ (Deluxe)","Ed Sheeran",2017-03-03,233712,92,false,,1970-01-01T00:00:00Z,"soft pop","Atlantic Records UK",0.825,0.652,1,-3.183,0,0.0802,0.581,0,0.0931,0.931,95.977,4
spotify:track:32OlwWuMpZ6b0aN2RZOeMS,"Uptown Funk (feat. Bruno Mars)","Uptown Special","Mark Ronson;Bruno Mars",2015-01-12,269658,90,false,,1970-01-01T00:00:00Z,"","Columbia",0.856,0.609,0,-7.223,1,0.0824,0.00801,0.0000815,0.0344,0.928,114.988,4
spotify:track:5jSlcXdUGLWOV2pSfYYiBs,"All About That Bass","Title (Expanded Edition)","Meghan Trainor",2015-01-09,187866,74,true,,1970-01-01T00:00:00Z,"","Epic",0.812,0.869,9,-3.698,1,0.0503,0.044,0.0000041,0.118,0.963,134.087,4
spotify:track:7BXW1QCg56yzEBV8pW8pah,"Have It All","Know.","Jason Mraz",2018-08-10,226106,69,false,,1970-01-01T00:00:00Z,"soft pop,acoustic pop","Atlantic Records",0.643,0.638,1,-4.947,0,0.0407,0.204,0,0.0707,0.6,82.001,4
spotify:track:7a53HqqArd4b9NF4XAmlbI,"Kings & Queens","Heaven & Hell","Ava Max",2020-09-18,162398,84,false,,1970-01-01T00:00:00Z,"","Atlantic Records",0.637,0.69,1,-4.057,0,0.0405,0.00786,0,0.124,0.457,129.857,4
spotify:track:3kGFge3HOTG87wkdSV0HW5,"只有我做得到","午夜兩點半的我","楊培安",2006-01-01,215906,23,false,,1970-01-01T00:00:00Z,"mandopop,taiwanese pop,chinese rock,c-pop","擎天娛樂事業股份有限公司",0.535,0.755,3,-4.476,1,0.0294,0.0000988,0.000963,0.0773,0.569,130.03,4
spotify:track:2mb3O0JbMiYAbaD4gZU74g,"改變自己","改變自己","Leehom Wang",2007-07-01,195760,46,false,,1970-01-01T00:00:00Z,"mandopop,c-pop,taiwanese pop,chinese r&b,malay pop","寬魚國際股份有限公司",0.828,0.595,9,-5.584,1,0.036,0.0252,0,0.0479,0.925,104.513,4
spotify:track:39LLxExYz6ewLAcYrzQQyP,"Levitating","Future Nostalgia","Dua Lipa",2020-03-27,203807,85,false,,1970-01-01T00:00:00Z,"pop","Warner Records",0.695,0.884,6,-2.278,0,0.0753,0.0561,0,0.213,0.914,103.014,4
spotify:track:3fOITwrX4Tv3yOPd62VT24,"Love On Top","4","Beyoncé",2011,267540,66,false,,1970-01-01T00:00:00Z,"","Parkwood Entertainment/Columbia",0.652,0.723,0,-6.051,1,0.089,0.0841,0,0.496,0.653,94.121,4
spotify:track:6QgjcU0zLnzq5OrUoSZ3OK,"Feel It Still","Woodstock","Portugal. The Man",2017-06-16,163253,86,false,,1970-01-01T00:00:00Z,"","Atlantic Records",0.801,0.795,1,-5.115,0,0.0504,0.0417,0.000113,0.0717,0.754,79.028,4
spotify:track:2iUmqdfGZcHIhS3b9E9EWq,"Everybody Talks","Picture Show","Neon Trees",2012-01-01,177280,84,true,,1970-01-01T00:00:00Z,"","Mercury Records",0.471,0.924,8,-3.906,1,0.0584,0.00301,0,0.313,0.716,154.962,4
spotify:track:2rd4FH1cSaWGc0ZiUaMbX9,"Lover Boy","Lover Boy","Phum Viphurit",2018-03-22,236727,59,false,,1970-01-01T00:00:00Z,"bedroom pop","Rats Records",0.798,0.556,11,-8.597,1,0.0303,0.527,0.000353,0.0959,0.627,109.994,4
spotify:track:3WD2cic9S2VrGIb6h114MM,"Mariposa","Mariposa","Peach Tree Rascals",2019-08-28,210000,69,false,,1970-01-01T00:00:00Z,"","Homemade Projects, LLC / TenThousand Projects, LLC",0.69,0.528,9,-6.1,1,0.027,0.647,0,0.428,0.427,112.001,4
spotify:track:4qRaZYiaOsSvWC7VgcxrI0,"HandClap","Fitz and The Tantrums (Deluxe Edition)","Fitz and The Tantrums",2017-07-24,193253,73,false,,1970-01-01T00:00:00Z,"","Elektra (NEK)",0.636,0.836,8,-3.004,1,0.0427,0.00609,0.000157,0.0828,0.715,139.956,4
spotify:track:4r6eNCsrZnQWJzzvFh4nlg,"Firework","Teenage Dream","Katy Perry",2010-01-01,227893,78,false,,1970-01-01T00:00:00Z,"pop","Capitol Records",0.638,0.831,8,-5.039,1,0.049,0.142,0,0.113,0.649,124.071,4
spotify:track:48td6xvpokdYwvbl3JIiXP,"Love Never Felt So Good","XSCAPE","Michael Jackson;Justin Timberlake",2014-05-09,246480,82,false,,1970-01-01T00:00:00Z,"","Epic/MJJ",0.775,0.719,7,-6.212,0,0.0435,0.132,0.00000179,0.0662,0.712,117.513,4
spotify:track:5x9yJ891TANz4TnEh8Fa23,"Everything's Okay","Two (Expanded Edition)","Lenka",2011-04-19,230933,45,false,,1970-01-01T00:00:00Z,"","Epic",0.735,0.387,7,-8.295,1,0.0866,0.599,0.00000697,0.31,0.505,146.078,4
spotify:track:6FfLg6FFqhCsrFOaHIGkg0,"Honeypie","For Abby","JAWNY",2020-10-27,135581,82,false,,1970-01-01T00:00:00Z,"bedroom pop","Johnny Utah LLC",0.74,0.688,5,-4.361,0,0.0916,0.061,0,0.138,0.935,115.035,4
spotify:track:2Rk4JlNc2TPmZe2af99d45,"ME! (feat. Brendon Urie of Panic! At The Disco)","Lover","Taylor Swift;Brendon Urie;Panic! At The Disco",2019-08-23,193000,75,false,,1970-01-01T00:00:00Z,"emo","Taylor Swift",0.61,0.83,0,-4.105,1,0.0571,0.033,0,0.118,0.728,182.162,4
spotify:track:7eYzn1CuiJK6VvUhf8zA6k,"WHERE IS MY HUSBAND!","THIS MUSIC MAY CONTAIN HOPE.","RAYE",2026-03-27,197142,89,false,,1970-01-01T00:00:00Z,"","Human Re Sources",0.39,0.781,8,-7.04,1,0.0918,0.0599,0,0.14,0.628,115.939,4
